{
  "var_history": {
    "train_loss": [
      0.002248305523161829,
      0.0010928695209825165,
      0.0009289410880674555,
      0.0008900575423536313,
      0.0008461192182434354,
      0.0008480511976401585,
      0.0008250810157887656,
      0.0008267402767812183,
      0.0008187221717649527,
      0.0008198786779517695,
      0.0008042994601089718,
      0.0007752489005072692,
      0.0007732132444803972,
      0.0007760039075466646,
      0.0007749737081401279,
      0.0007781062808100855,
      0.0007796990098969853,
      0.0007747163925262801,
      0.0007661861512493693,
      0.0007697725926640109,
      0.0007590834502479993,
      0.0007729520185198195,
      0.0007591745544352376,
      0.0007611471111611639,
      0.000752652365025704,
      0.000744807357100313,
      0.0007533842128292956,
      0.0007556548454954711,
      0.0007628088767304225,
      0.000756120082168875,
      0.0007589286992783254,
      0.0007403169476914764,
      0.0007557808661796065
    ],
    "val_loss": [
      0.001036582876143879,
      0.0009292097422171777,
      0.0008335925430353535,
      0.0008695898914562637,
      0.0008549649118274255,
      0.0008569265643784188,
      0.0008557400456323338,
      0.0008888866485856278,
      0.0008494014442763536,
      0.0008519844881160871,
      0.0008656985339353253,
      0.0008552547086238567,
      0.0008373696258977839,
      0.0008393077809351349,
      0.0008588943417539428,
      0.0008379740488874775,
      0.0008482163140893375,
      0.0008442994156595025,
      0.000847151481521953,
      0.0008784544219164864,
      0.0008610121110809575,
      0.0008624676395955152,
      0.0008698962659477011,
      0.0008455713143216838,
      0.000843846254467376,
      0.0008462652262287998,
      0.0008433599126108579,
      0.0008610612146041699,
      0.0008597045533334542,
      0.0008512155779355549,
      0.0008525092983434565,
      0.0008382129561045746,
      0.0008581629670899067
    ]
  },
  "return_history": {
    "train_loss": [
      4.780261831463508,
      4.682582351396668,
      4.578941367707163,
      4.531229617460719,
      4.464122520302826,
      4.434637528545451,
      4.484382764348444,
      4.415839402180798,
      4.3866402877951565,
      4.395003732645287,
      4.309491935765968,
      4.2805098767550485,
      4.227976416641811,
      4.35767086496893,
      4.263609053953639,
      4.2074546049226,
      4.1134519622011005,
      4.261254994374402,
      4.1770807932007985,
      4.047468063966283,
      4.033999951380603,
      3.995098892247902,
      3.879797103270045,
      3.973444313373206,
      3.8986552031535022,
      3.906428777946616,
      3.799588252913277,
      3.823474789565464,
      3.746899316895683,
      3.5759970781938084,
      3.5628457924105086,
      3.5168256579705006,
      3.45548493007444,
      3.5544385775080265,
      3.456542415438958,
      3.3556857828824027
    ],
    "val_loss": [
      4.584216594696045,
      4.53862497806549,
      4.361380529403687,
      4.407396960258484,
      4.424400734901428,
      4.353121256828308,
      4.462034893035889,
      4.492973589897156,
      4.547907042503357,
      4.554701900482177,
      4.764229202270508,
      4.485389399528503,
      4.722929310798645,
      4.596075439453125,
      4.65544638633728,
      4.417495369911194,
      4.527793335914612,
      4.507123494148255,
      4.504122090339661,
      4.522215342521667,
      4.743244314193726,
      4.90345253944397,
      5.417992067337036,
      4.679892563819886,
      4.768736124038696,
      4.4705387353897095,
      4.372998833656311,
      4.688379096984863,
      4.685135316848755,
      4.5863135814666744,
      4.682315301895142,
      4.514393091201782,
      4.540560889244079,
      4.5293511867523195,
      4.636400198936462,
      4.820430707931519
    ]
  }
}